comment,comment sentiment
"Some key quotes I think:

&gt;""The American consumer is speaking clearly and they want the benefits of electrification like instant torque and mobile power...But they also demand affordability … rather than spending billions more on large EVs that now have no path to profitability, we are allocating that money into higher-returning areas.""



&gt;It was announced in 2021 with great fanfare and an appealing low price of just $40,000. But once it actually hit production lines, Ford was never able to sell it for anything close to the promised price tag; the 2025 model started at around $55,000.",negative
Was the problem MSRP or greedy dealerships jacking up the prices?,neutral
Both.,neutral
"I'm sure it has nothing to do with the American buyer who demands leather, sunroof, ass warmers, factory donk rims, 2.5 bathrooms, and a French fryer",negative
If I’m spending $40k+ on a car it fuckin better have heated leather seats and a sunroof lol,neutral
"Seriously. Those are not luxury features at this point. My first car was a 2002 Hyundai that had those. The car after that was a mid-trim Jetta with those features, and I didn't even go shopping for one specifically with those options.

Acting like a $10 heater element taken out of a cat's heating pad and toggle button is a big expense to add to a car lol.",negative
"Exactly, if I'm spending 30k on a car and you want $1500 for better front and rear cameras... Sure... 


But once I cross *""This is a meaningful % of a downpayment on a house*"" it better just come with it.",neutral
"This is such a weird comment.  Acting like car manufacturers are out of touch while being out of touch itself. 30k *is* a meaningful down payment on a house. Shit, if you have 30k saved in the US you are beating the median savings by 5x.",negative
"Your own comment is out of touch lol. The median home price in the US is like $430k, a $30k down payment is only about 7%; which isn’t a meaningful down payment at all. It gets you in the door, sure, but let’s not pretend that $30k being only 7% of a home being amazing. 

Speaks to how out of control things are. Yes, 7% is better than what a bunch of people can muster, but saying it’s meaningful is crazy.",negative
It's extremely location dependent. Where I live in Ohio the median home price is closer to $250-300k. And you can find decent homes for much cheaper than that.,neutral
2002 Hyundai with heated leather? Brother I don’t know what Hyundai you were driving but that was probably the most expensive Hyundai on the market. I’ve driven my fair share and none had heated seats till the last 8 years.,neutral
My dads 2010 or 11 elantra had front AND rear heated seats,neutral
My 2014 KIA Optima had Front Heated and cooled seats AND HEATED rear seats. Might had have rear cooled seats too but I'm not 100% sure.,positive
"My 2013 Veloster turbo had heated leather seats. Not a base model, but 12 years ago",neutral
I’m surprised how many cars have sunroofs. I never cared for the ones in my cars.,neutral
"I honestly feel they are more of a novelty item for 90 percent of drivers. Including myself, prior to a few years ago. I NEVER use the thing and actually find it more of a PITA, than useful.",negative
I’m 6’4” and anything to help make it not be like I’m crammed into a coffin is helpful.,neutral
"Oddly enough, on smallish cars, sunroofs take away so much headspace, my 6’4” self sometimes can’t comfortably fit in them.",negative
I was thinking the same thing. My grandfather would special order cars without a sunroof because his head would touch.,neutral
Sunroofs lower the ceiling of the car because the mechanisms and panel need room. So less headroom.,neutral
"Not talking panoramic glass roofs, I love having my sun roof exposed. The car feels more open and bright in the morning. I close up the cover during high noon. With my daily's AC not currently working it gets opened every day in the summer and makes a big difference",positive
"I adore the one on my E class wagon, but thats because its really well engineered so its nice and quiet even to have it open at 70mph.

Too many cars with sunroofs have shit aero that make the sunroof unusable because of buffeting or whistling at anything above 30mph",neutral
My Tundra has the roll down back window and the combo with that and a sunroof on a summer day is unbeatable,positive
I really don't like sunroofs and go out of my way to avoid them. The drains eventually leak and in the time I've driven a car with a sunroof I've maybe opened it for 5 minutes. Every car I buy moving forward I will not spec the sunroof if I can.,negative
"I've owned 6 different vehicles over the last 2 decades, all with sunroof/moonroofs and not one of them has leaked. I always wonder what conditions these cars are subjected to that causes them to leak.",neutral
Im a windows down kinda person.  I require a sunroof.,positive
"Ironically, luxury brands will nickel and dime you for luxury features. I feel like last time I checked, a fucking Nissan Altima will throw in all the bells and whistles standard while BMW wants more and more money for standard shit like ACC and lane keep, heated seats, etc",negative
"I laughed to myself browsing Mercedes’ options because they’re the same way. $500 here for heated seats, $700 there for a radio…",negative
"Let me rephrase his comment. New truck owners denned things like trailer park assist, 18 way massage seats, duel zone climate, 360 parking cameras, many different drive modes, cool little graphics on the digital dash, an app to start your car and lock it, ventilated seats, climate control in the back. I’m sure the list goes on I’m just naming off features from the last F150 I drove that I never really used.",negative
I'd rather the $18k car that has the bare minimum. Those are hard to find too,neutral
Which dealership do you own?,neutral
"I tried to buy an f150 lightning twice. The first time was shortly after launch, and the only models I could find at any dealer were the ones with the fancy features you mention, and for around 70-80 all the way to 100k. Way outside of my price range. Work truck trims were impossible to find. The second time, the work truck trim had gone up in price to around $60k, well outside of my price range, and well above the $40k these were launched at. MSRP on these vehicles is made up, dealers tack on so many bullshit extras that you’re basically stuck getting the French fryer and leather ass warmer, simply due to the fact that there’s such good margin in those features.",negative
"Ive been looking into cars recently and everything seems to be ""oh, you want any color other than the 1 color we set as standard...you will have to upgrade the trim level you want""


Wtf is that?  I have to pay for a higher trim just for a different color?  

And if its not that its $500 extra for another color or something ridiculous.",negative
"Tacking on extras is the norm. Good luck finding any model at the announced ""Starting At"" price even if not a new model. Manufacturers don't have much margin in them. Dealers don't have much margin in them either. Customers in general are uninterested in stripper models. Not uncommon for there to only be a couple in a metro area for the budget tire kickers. Otherwise everyone steps up to 'nicer' models.",neutral
"It doesn’t. What really happens is that tradesman that need a truck, cannot afford a new truck, and their company is not going to pay for a top of the line truck for their fleet. They can get bare V6 Rams for half the price.",neutral
Bare bones work trims exist and they’re cheap. F150 XL 5.0 4x4s can be bought in the 30s new. Many dealers do those regular cabs with a blower for under $50k,positive
Fleet sales are not easy to find for your average consumer. Configurations like manual windows with cruise control are available to fleets only.,neutral
"&gt;2.5 bathrooms 


NGL, my commute has really been improved since I put in a second full bath",neutral
"Maybe the first three for some people.  But to get those, the dealers only order the models that also have the last three, that no reasonable person gives a shit about.  But it increases the price, margin, and thats all the dumbass dealers put on the lot.",negative
"No, the base had normal base stuff like cloth and small radio. 

The issue is saying that you can add a battery pack into a gas f-150 for the same cost. It was never feasible. Base f-150 4 doors were 40k to begin with. It’s a large vehicle no way you put it.",neutral
And 500+ horsepower so they can merge safely.,negative
"Hey those ass warmers are critical up here in the land of rain, snow, and general chillyness! The rest of it I agree with though. 😝",positive
"Yup. I wanted a Mach E but the MSRP was crazy and then dealer markups on top and waiting during the COVID car market. No thanks. Eventually I got a demo model last year from a dealer who straight up told me they can't sell them anymore. After rebates, price adjustment, and depreciation I ended up paying about $35k CAD. The original window sticker showed $92k. I love it but I'd never pay $92k in this lifetime. You can get some crazy nice vehicles for nearly $100,000. I wonder how many people completely wrote off the idea of an EV because of the craziness and greed in COVID.",neutral
"same is hapening with the taycans on the uk

not that cheap but they are making huge discounts on them",neutral
"&gt; same is hapening with the taycans on the uk

Seems like it's happening to taycans everywhere *except* Canada.  I wanted one 18 months ago when I was car shopping.  Found one!  2022, 20k km, $100k.  Slightly too rich for me, went with an Ioniq 5 N instead.

Now?

I could get a 2022 Taycan, 20k km, for $105k.",neutral
Ford corporate must be getting pretty fed up with their dealership network. They've honestly been nothing but problems for them the last several years.,negative
"It's almost every dealership network now, and almost no effort expended by the manufacturers to disincentize the sleaze.",negative
The problem is it’s ten grand more than a comparable gas truck,negative
"Right. It’s sad that they’re getting let off the hook with this pr spin. Promise affordable cars, then blame the consumer for not taking the bait and switch. But they can’t exactly blame the real culprit, at least not until he is out of office.",negative
"They pulled the same bait and switch with the Maverick and Bronco too. They built like five of the $20k Mavs, now most new ones on dealer lots are around twice that. It is frustrating.",negative
"Read the NPR article again. Even it mentions the EV market was struggling before.

Kind of like home solar if you head over to those subs. People learned multi-decade leases of home solar panels from fly-by-night companies with questionable products, sales tactics and installations might not be a great idea. Even over in the realtor sub, home buyers of existing homes are extremely leery of what a listing with solar might end up involving. Many won't even consider them.

I cannot wait to get off fossil fuels and oil in particular to go tell oil tyrants that hate the US but love our cash to go pound sand. I looked at home solar but there were so many warning flags I stopped. I would go EV but the tech simply isn't there from cradle to grave and my use cases - especially in a truck. The Lightning was laughable and I considered it posturing just a notch below a Cybertruck.",negative
"Uh huh, and what’s your point? Did they not promise a vehicle at a price point they could not deliver? Tariffs and ending credits helped, I’m sure. Make that make sense without blabbering on about solar.

Edit: I agree with much of what you’re saying but I’m not letting them off the hook. I wanted a lightning or a bronco but I ended up getting a Toyota because I could afford it.",negative
Plus when you use it as truck to tow things that basically kills the range. ,negative
"It honestly tows incredibly well, as long as you're going less than ~100 miles (depending on what you're towing).

Moving farm equipment, animals, trailers with logs/fill/etc., moving a boat around. 95% of my towing is relatively local, and I prefer the Lighting over every gas and diesel light truck I've ever driven.",positive
"Electrification wasn’t likely to win with US fuel prices lol.

In Canada, BC, that’d be a no-brainer, hell the math held up for me in Canada even with a 30k difference between an EV and gas car (I do drive a lot of miles though).",neutral
"The US is selling many many EVs

Problem is within a few years we went from having zero EV pickups, to having several, all of which were very expensive. 

To be viable all of them needed to significant numbers and the market just isn’t there yet. All of them combined sell enough to maybe support one truck.",neutral
And 10 more grand just to get the range extender,negative
Dealers weren't doing much jacking up of Lightning prices after 22-23.,neutral
"Lightings are regularly available with discounts and rebates. The breaker for dealers is that these things make zero money for their service departments. Service is pretty much a tire rotation, coolant top-off, and the occasional cabin filter.",neutral
"And having a moron in charge who wants to cede global leadership to China for the auto and energy industry. 

The incentives were meant to increase demand for American manufacturers and for them to reach profitability at scale. Tariffs along with removing the tax credits and incentives just eliminated our global competitiveness completely.

It's not like climate change is going to go away. We are going to have to stop burning fossil fuels almost entirely by the end of the next decade. That's not going to change.",negative
How was the Ford F150 Lightning doing internationally until Jan 2025?,neutral
More expensive than a F150.   That the issue with American EVs except Tesla.  They keep charging more than a gas car even though it’s significantly less complex.  How much does it cost to develop an engine? $1b+?  How many moving parts on an engine?  What about a transmission?   How much precious metal is an exhaust system.  Whats cost to warranty an engine and transmission? In China EVs are cheaper than gas cars.,negative
"The batteries are expensive. and the development cost of a gasoline F150 is spread over 800,000 trucks sold every year. They sold 35,000 lightings last year.",neutral
Batteries are only expensive in the US because we can’t figure out how to cheaply manufacture them.  It’s not the cost of labor difference because Chinese battery companies are almost fully automated compared to the US which are around 50% automated.  Why chinese cars are much cheaper.  US companies are paying double the price for their batteries.,negative
That and Chinese safety and environmental rules are about 50 years behind the U.S.,negative
That and it couldn't tow a decent range and the infrastructure was not available to charge it.,negative
"The dealer near me had four 2023 marked $10k Or more off msrp. They sat over a year like that. No takers. No idea what they actually did with them, I'm not convinced any actually sold. They were higher trim models so they were still like $70-80k+ after markdowns. ",negative
"I think Ford targeted an ambitious $40K start price because Tesla did for the Cybertruck. When Tesla hiked prices $20K or so in 2021, Ford followed.",neutral
"If they made a smaller electric truck, I bet they could actually sell it for their 40k target without losing money, and people would love it, but then they wouldn’t make nearly as much money…",neutral
"This is it exactly. I would kill for a maverick or ranger sized ev truck, but my problem is the f150 is way bigger than I want.",positive
Yes they miscalculated. The people who want an electric vehicle don’t want something F150 sized. And people who want an f150 generally don’t care about their car being electric,negative
This sums up everything perfectly.,positive
"I thought EV trucks would have been popular with contractors, and shops that send their fleet of trucks out to jobs and then the trucks mostly sit on the job site all day and then return to the shop where they could be plugged in overnight.",neutral
Helllll no. Company trucks get rode hard. Literally no contractor or company has the time or energy to keep them things charged and ready for work. Would be an actual nightmare,negative
Amazon is going to electrify their whole fleet with Rivian Vans.  FedEx is also doing it too.,positive
Big difference between delivery operations and construction,neutral
Big difference in overall organization between Amazon and contractors though,neutral
Construction / service people tend to drive their vehicles home. Many live at apartments. How are they gonna charge their vehicles? You can't bring an Amazon or UPS van home lol,negative
If contractors bought vehicles rationally most of them would just own utility vans,neutral
"When I started my business, vans were unobtanium.  Amazon had just cut back on using USPS and a hundred little delivery contractors popped up and bought up all the vans.  The price hasn't come back down since.",negative
"It was a follow-the-leader syndrome with Ford (and most EV’s). Everyone’s just doing what Tesla did, which was offer a full sized truck, and they all followed suit. All the minimalist ev interiors are another example",negative
"This, basically this.  I like having the capacity of a full size truck, even though it's RWD and I don't drive offroad or tow anything.  I also live in a fairly large city and do almost all of my driving in and between large cities.  I've owned multiple hybrid vehicles, and my wife drives a PHEV.  So, naturally, I'm kind of the target market for the Lightning.  

However, I never really felt compelled to trade up for a Lightning.  The main sticking point for me is range (and price, of course).  Specifically for long trips.  One of the reasons I like my RAM is that I can throw tons of gear in the back and head _way_ out of town with the family.  

We have a trip coming up that will be right around 500 miles each way, through long, empty stretches of west texas.  I can do that whole drive on one tank of gas.  But if I planned it right, I'd still likely have to find 2 places to stop and charge in the Lightning, adding an hour and a half or so to the trip each way.  And that, negligible as it seems, really starts to lose the appeal for me.  Maybe one of these days I'll rent one for a trip just to see about the reality of the situation.  

There's also just nothing motivating me to sell my truck.  It's comfortable and luxurious and it's been reliable and it's paid off.  But I'll buy my wife hybrid or EV SUVs or minivans all day for commuting and dragging the kids around town.",neutral
"That’s literally what they announced in conjunction with sunsetting the F150 Lightning.

Edit: here’s the link in case people want to read it from the horses mouth

https://www.fromtheroad.ford.com/us/en/articles/2025/ford-reinvests-trucks-hybrids-affordable-electric-vehicles",neutral
"Given how the Maverick's MSRP has inflated about $10k from $20k to $30k for a bare minimum spec in just the few years it's been out I doubt that. A modestly equipped Maverick jumps to about $40k very quickly. Rangers are even worse.

  
And that's before Dealerships decide to start adding their bullshit add-ons and ""market adjustments"".",negative
Electric ford maverick,neutral
"IMHO, cost is the biggest thing that killed it. Also dealers not really selling them - I had to ask specifically for mine and got the ""sure you don't want a Powerboost?"" line haha. Yeah, I've owned BEVs for a while, I know how to do road trips and stuff and don't distance tow, Lightning pls.

I'd love to see stats but something tells me the range and charging are just fine for what a whole lot of F150 buyers do, and I imagine those buyers can easily get home charging too. Still, the cost and the fact that it's a truck made it a niche vehicle and this is the result. Oh well, glad I got mine.",neutral
"That dealers not really selling them thing is real. When we were shopping for our Mach E, we had to go to three dealers until we could test drive one. The first one said they needed someone who was trained with the car to do it. The second one had two on the lot, but they were both dead. The third was the dealership I have bought all my Fords from to this point and they were able to get us in one no problem. What were the first two dealerships even fucking doing?!",negative
Protecting their car repair business,negative
That's where the real money for dealers is anyway,negative
*That’s a bingo!*,positive
"Wow. My dealer was OK, really, but I live in a BEV heavy area so they might know what's up around here. And even then it seemed like they didn't really want to sell Lightnings and Mach-Es, judging from my experience, but they will if you ask.

I don't know if it's a conspiracy to protect the parts/service business or what, but it does feel like there's a cultural pushback against BEVs in parts of the US auto industry, especially the dealers.",negative
Maybe it's time to sunset the dealer model and allow direct sales. ,neutral
Their lobbying association has more money than consumer will.,negative
"And people severely overinflate their use cases, acting like they take 500 mile road trips on a weekly basis where having to stop to charge one or two times would be so onerous when it’s actually only once or twice a year that they do the road trip.",negative
My favorite was the complaints about towing range as if pulling a loaded gooseneck horse trailer across the country 10 times a month is the normal use case for the average truck owner.,negative
"I want you to be right so I'm asking out of ignorance having never owned a full ev, are charging stations commonly set up in a way friendly to trailers? I've only seen the ones installed in normal parking spots",neutral
"Nope, and that’s a big problem for EV towing.",negative
"Ah that's a shame, guess I'll just have to keep hoping for a range-extender/PHEV truck",neutral
That's exactly what the article is about.,neutral
The secret is to buy a lightly used or CPO one. Used Mach-e start under $20K. Used Blazer EV start at $25K.,positive
My wife just got a Blazer EV for a little over 29k with 8k miles on it. It was about the best deal we could find in the four corners area.,positive
"I don’t know, man that’s kind of a letdown. I’ve noticed that a lot of my trucks in Los Angeles for workers like city Works, etc. started to convert over to the Ford F150 lightning which in my opinion makes 100% sense in a place like this we’re charging is available in the cost of fuel is outrageous. Also, those are the people who drive the most so this is definitely a bummer. Will there be another one that comes through for a competitor for sure, but it really sucks that politics gotten in the way of this.",negative
I would have run out and bought a the pro trim for $40k with the $7500 ev tax credit. I don’t think anyone was able to get that price.,negative
"Part of the issue was that Ford flooded the dealers with high trim level Platinum and Lariat models. The work trucks were hard to get. I had to wait several months for an XLT, which was more reasonably priced.",negative
"Agreed.  

Another example:

I recall the Mavrick being advertised starting at $20k before production, but ones near me were 60%+ more than that when they actually hit lots.",negative
"Damn, that sucks. The few times I drove one, I was really impressed. 

  
Hell, they're even somewhat popular near me. But I guess suburban Canada might be the market where this truck makes the most sense - Canadians love the F series, but we pay more for gas than Americans do, while electricity off peak is quite cheap.",positive
"Also Canadian here.

Lighnings and Silverado EVs are everywhere.",neutral
"I looked at one - the towing range was abysmal. As soon as you hooked anything up to the hitch, your range dropped.",negative
"Well yeah, but most contractors aren't driving 500km per day. They do work around the city they operate from.

We have a few Silverado EV at work, and even towing 10k pounds all day long, I don't think they ever been under 50% battery, even in the harsh Canadian winter.

Most of those trucks are going to a construction site that is 50km top from the office and then back.",positive
"Yeah, a ton of people have a weird idea about range. I talked to a guy who insisted that an electric car just couldn't work here because it would lose about half its range in the winter.


Like God damn man, you drive maybe 40km a day, what different does even going from 400km to 200km make?


If you can't charge at home, sure, I see where that would be an issue. But this guy had a big house, pool, multi car garage. But somehow couldn't imagine a way to make it work",negative
"I get it if it's your only car. I had a really shit near-stranding experience with an EV trying to take it from KC to southern Missouri in the winter. Only fast charger for about a hundred miles in any direction was taken out by a storm. 

But for rich dudes like that? Makes a lot more sense.",negative
I think it’s because it still hasn’t clicked in their mind that with an EV you always start the day with a full range. Unlike a gas car where you get gas like once a week,neutral
"Eh I wouldn’t call it weird, especially if it’s someone’s only vehicle. There have been many times where I’ve had to jump in the car and drive 50-80 miles each way after driving 40 miles round trip for work. If I have an 280 mile of range in EV and it’s winter, so that drops for 230 or less (and it’s even worse in a lightning), I don’t have a whole lot of range to spare. Especially if I have other places to go during my travels. An ICE car/truck can be refueled and ready to go for another 400 miles in less than 5 minutes. A cold EV? That might be a half an hour or more. 

I’d drive an EV if they could make one that’s 35k, will go 300 miles (even if it’s 10*F outside and I drive like a jackass), and can be recharged for another 300 miles of range in less than 5-10 minutes.",negative
"Unless the contractors are in Vancouver or Toronto there's a good chance they do lots of out of town work as well which could cause range issues.

The company I'm at now did look at them as they could have 1 or 2 that do always stay in town but then the issue of charging still came up - we take our trucks home so the charger would then need to be at our house. So who pays for the charger to be installed? And the company pays for fuel in the company trucks so do they have to pay for the extra power usage, and how do you track this? Then the last one was what if they do install the charger and that person leaves the company? Just so many logistical issues that it wasn't worth it in marketing to deal with it.",negative
"I live in rural Canada. Contractors very rarely take contracts out of town, it's alwaus in thr immediate vicinity of the town they operate from.

Our Silverado do 450km+ while hauling our 10k lbs trailers. The trucks come back with over 50% charge even during the winter. 

We refuse contracts that are more than 100-ish km away because they aren't profitable enough. Even going over 40km is uncommon. 

&gt;So who pays for the charger to be installed?

The company. That's

&gt;and how do you track this?

Super easily. We know the average kw/100km average for every model and we pay generously based on the mileage done by the truck. 

&gt;Then the last one was what if they do install the charger and that person leaves the company?

Then the company uninstall the charger? That's like a 15 minutes job. For the few times it happens we happily will eat the cost. 

&gt;wasn't worth it in marketing to deal with it.

Considering we're saving thousands per week in fuel having those EV silverado, yeah it was worth it.  The company decided in 2020 to not buy a single gas vehicle again. We have now over 40 Chevy Bolts, 15 Silverados, 3 Hummers and some Equinox EV as well now. for example the Chevy Bolt average power consumption is 15kw/100km. Electricity price is 0.078/Kw. The cost would be $1.17/100km, so we pay $1.40 so under the worse case scenario the employee isn't under. Our fuel bill went from 7000 in 2020 to zero in 2025. We pay under 1000 per month in charging fees to all the employees. So yeah, 100% worth it.",positive
"Definitely would make sense for a contractor. The organization I worked for prior to retirement had a few EVs in the fleet for the same reason - the majority of trips were in town, probably around 10km or so. For me, I was looking at it primarily to tow my boat, and range is important - we will hit lakes 150 - 200km away from home at times.",neutral
A Silverado EV would do that trip without any issue. Ours get over 500km while pulling 10000 lbs.,positive
I mean doesnt a ICE car range drop when you tow too?,neutral
Yes but you can fill with gas much faster than you can charge one of these things.,negative
of course. really depends on how often are you towing and driving hundreds of miles in one go.,neutral
"One thing to consider is that the charging stations are conducive for charging while a trailer is attached. You might have to park, unhook the trailer, then go charge, go back to the trailer and hook it back up. I used to tow a trailer and hooking it up and doing all the safety checks takes time. While going to a Flying J/ Pilot/Buccees whatever there is way more room to navigate a truck and a trailer.",negative
We also haven't started building out passthrough EV chargers yet. It's all parking spots when they need to be designed the same way as fuel pumps.,negative
"That is only the bad part of the story. Yes, the Lightning cannot tow a huge trailer as far as a gasoline truck, but it can do so at about one-third the cost in fuel. For most people, who don't tow huge trailers more than 150 km, the Lightning can save serious money.",positive
I was going to say the ev truck isn’t there for truck things yet…,negative
"As someone whose towing is 95% of time 50km or less, it wouldn't be an issue for us, and I reckon many others.",positive
As an American when I visited Montreal the amount of EVs is a lot higher than what I’d see anywhere in the US.,neutral
the Quebec government had aggressive $7000 rebate programs for EVs and for a few years it combined with a $5000 federal rebate...  plus electricity is cheap at 6.905¢/kWh (goes up to 10¢ after 40kWh),positive
"Yeah, my work fleet loved these - the city wants to be fully electric, we drive like 50 miles a week and return to the same place every day, and they're just as capable for 80% of the work fleet but way cheaper to run. Wild that Ford is just completely giving up that market space.",positive
"Our company has replaced all the full sized trucks with Silverado EV's and then we also have much larger trucks for longer towing. (F450, Silverado 3500HD) But like 90% of our companies trips are usually within 100km on any given day. Chevy has probably earned 3.5 million alone just from our fleet switchover lol. That pays for at least an engineer for the next 20 years.",positive
"yo for real they're really popular here in Montreal, and I see them very often being used for work! I was straight up impressed! Oh well",positive
Didn’t they turn it into an EV from the name?  They already have the raptor for a performance truck. Can’t see there being a big EV market for the f150 crowd yet,neutral
"I wonder if it being a weak EV and never getting updated and a complete lack of advertising had anything to do with it. 

From the very beginning Ford said the put out more money on every lightning they sell than they get back. That is reason enough for me to believe they never really wanted it to sell well and it didn't. 

That being said it was never on my EV truck shortlist. That was always the sierra EV work truck trim.",negative
Probably part of their plan to switch to a universal platform like all the EV only manufacturers.,neutral
I drove a Sierra EV and loved nearly everything about it minus the absolutely horrific infotainment,positive
Also the price. I started seeing one near me and was just curious and my god are they overpriced,negative
Are they overpriced or are they just expensive?,neutral
Probably a bit of both. At least the two biggest issues with GM trucks aren't applicable to them so maybe they'll be good. No lifters to worry about in a 5.3/6.2 and they don't use a solid frame to rot out in &lt;10 years,positive
Yes,neutral
I saw their advertising all over the place. You were Not getting targeted ads perhaps.,neutral
"They are just screwing themselves. Rather than work to get costs down, they will take a short term gain during trumps presidency and then things will revert back and they will lose that money all over again going EV.",negative
"They screwed themselves when they picked the F150 as their electric truck platform. It should have been the maverick or the Ranger.

They already spent the money. They aren't getting it back by selling trucks so they take a massive loss and cut their tax bill. They'll happily lose that sort of money again. Massive corporations don't need to make sense.

Plus the cafe standards are dying so that allows them to continue to dump their less efficient gas designs on the US market., now in a broader range of vehicles.",negative
"I prefer to leave the poor financial decisions up to others and then swoop in when they're ready to make another one. I'm definitely not the target audience of any car maker. I was looking forward to owning one of these used and cheap, and I still am too.",neutral
"Plus, nicer vehicles that get discontinued end up accruing collectors premium after a while. I think the best time to scoop up something like that would be around the time people’s warranties start ending.",positive
I’m worried about long term repairability… sharing so much chassis and body as the ICE truck helps but how long before dealers really struggle to service these?,negative
I'm also not the target demographic for dealerships. As long as they got parts I'm good.,neutral
I’m gonna give it another couple years until I look at a used EV truck,neutral
Just be careful crossing the road then!,neutral
"The Lightning was intersting in that it wasn’t an EV that didn’t scream it’s an EV.

Unfortunately for Ford though it didn’t do truck things well. Towing, range and charge times sounds like that killed it.

Promising idea but didn’t meet core demands of truck buyers",negative
I wonder if they sold and advertised this as a smaller pickup like a Ford ranger if it would of sold better?,neutral
"An electric maverick is where the sales are. 

The best thing EVs do is A to B driving with reduced maintenance and wear items compared to ICE vehicles. The maverick is a commuter vehicle that happens to be in the shape of a small truck. 

Trucks that need to do things, or let’s be real, *be ready to do things but rarely do them,* need to be ICE vehicles.",positive
That's basically what they're building for 2027,neutral
"Considering how poorly the Ranger sells in comparison to the F-150, I doubt it. The US consumer just doesn't like smaller trucks nearly as much, and the truck buyer tends not to buy EVs. A mid-size EV truck? Not a high seller.",negative
I don’t know. The Tacoma proves there is a strong market for midsize trucks. And the Ranger is selling more YoY in the US thanks to the 6th gen.,positive
"The Tacoma sells less than 300k units a year and it's by far the strongest truck in the segment, buoyed mostly by the cult around it (and the relatively underwhelming Tundra) more than anything else. It's the default mid-sizer. The Ranger sells around 25-40% as many units as the Tacoma in a given year. 

There's *a* market for midsizers, but it's not a strong one. The whole market for midsizers barely amounts to half of F-series sales each year.",neutral
"The problem was they basically just threw a battery in an ICE truck. There's no path to profitability in that. 

To get EVs that are profitable you need ground up EV platforms that can take advantage of significant manufacturing efficiencies from simpler designs. Which is basically what they're trying to do with their new platform, which should drastically lower manufacturing cost and vehicle price. 

Until EVs are close to price parity with ICE vehicles, like they are in China, the market will remain somewhat small.",neutral
Nah what killed it was promising it at $40k and it ending up $60k,negative
"Well, there goes my dream of a SuperCab/8' Lightning. /s",negative
That's funny because the company I work for is buying a ton of these electric silverados as work trucks and outfitting peoples homes and reimbursing power.,positive
Yeah that can’t be the norm.,neutral
Don't the Silverado EVs have almost double the range of the Lightning? Not surprised your company went with those instead.,positive
they better get good range. They weigh 8900lbs.,negative
I just wanted a lightning with a bench seat,neutral
Your wish is a lot more realistic than mine.,neutral
"With the inflation going on, a lightly (pun intended) used F150 Lightning Platinum is a realistic dream of mine.

Always wanted to buy the lifestyle of powering up my camping trips with its battery.",positive
"I’m a bit confused. It doesn’t sound like they cancelled it completely. The next gen will be an EREV: https://www.fromtheroad.ford.com/us/en/articles/2025/next-gen-f-150-lightning-extended-range-electric-vehicle


https://www.fromtheroad.ford.com/us/en/articles/2025/ford-reinvests-trucks-hybrids-affordable-electric-vehicles",neutral
I mean that’s a hybrid no matter which way you put the generator. Pure EV is what I intended by the post title though.,neutral
"That is a stretch. If the truck can be driven without the range extender engaged, then it is still an EV. Calling EREV’s hybrids is disingenuous. The title is misleading, when you could have just used the NPR title instead.",negative
"&gt; disingenuous

Calling EREVs pure EVs is more disingenuous than calling them hybrids. They are hybrid by definition. For many EV enthusiasts, having zero gas matters, so the distinction is important. For the average buyer the difference between an EREV and PHEV is not as large.",neutral
Hybrid power source but electric drive only.,neutral
"They're their own thing. If it can be driven 100 miles EV only, that's noteworthy. If it can be driven 700 miles using the gas generator such they you don't need to worry about charging on long drives, that's also noteworthy.

Reality is most people probably only need 100 miles a day, but want the protection to be able to drive 700 miles without worrying about charging. The Erev is for that demographic.",positive
"EV is most often synonymous with BEV. In that sense any vehicle that has gasoline as any part of its powerplant is not an EV.


If I'm shopping for an EV truck, the F150 EREV won't be on my list.",neutral
So do you think that plug in hybrids are EVs?,neutral
It’s why we have different terms like PHEV and EREV. They have specific meaning just as saying “Hybrid” tends to mean cars that literally drive with their ICE or their Electric motor. EREVs cannot use their ICE for propulsion. That’s the distinction.,neutral
"No, hybrid is a broad term, it encompasses PHEV, EREV, and “traditional” hybrids. Volt was one of the first EREVs and it could use its engine for propulsion in some modes. 

[Venn diagram](https://imgur.com/a/5SITHLg#A4huq6o)",neutral
"A serial hybrid is exactly which way trucks need to go. Dodge has delayed theirs for years. This is the first I'm hearing about Ford developing one, so great news to me!",positive
"While they’ll spin this as low demand for electric vehicles, it’s reallly because the Lightning was promised at $40,000 and released at over $60,000 + markups.  Almost Rivian money for a Ford f-150",negative
"More like $70-80k for one with sufficient range. It wasn't the base price that was the problem, but the $20k markup for the longer range battery. Also Ford charging speeds left a lot to be desired.",negative
Chinese will sell you an ev truck soon. No worries.,neutral
The Chinese will never be allowed to sell cars in the US.,neutral
I wonder if Americans used to feel this way about Japanese cars too?,neutral
"Damn, I thought these were doing well. Granted I'm probably in a bubble living in a dense city where most truck owners don't actually do truck things, but I saw them around all the time. Certainly more than the other EV pickups. Unless I was just seeing the same few around my area I guess.",neutral
The federal subsidies ending are going to kill a lot of EVs because before they were able to hide an expensive vehicle under a very low lease payment,negative
"Having driven it myself I thought it was very well designed and did a lot of what F150 buyers wanted but with added refinement you won't find in any other powertrain, not to mention the redesigned suspension actually meant it rides better than any F150 as well.

Impressive vehicle but grossly overpriced for the masses, middling range (the EV Silverado and Sierra handily beats it) and current political climate in the USA are all factors working against it.

A shame.",negative
"Ford did themselves no favors here. They missed the promised 40k entry point. Then you couldn’t even get them. When they came back in stock the cheapest ones looked nothing like the one in the commercial. You want a red one? Nope, gotta upgrade to get a red one! Want extended range? Gotta go up another trim level for that! Suddenly you’re looking at 75k. We also botched ev chargers and somehow made electricity much more expensive.  The ev for every man thing was fumbled at all levels.",negative
They need to make a 35k electric maverick decently spec’d and it would sell. Everybody I know with an f150 has a boat or a camper. You’re not gonna flip guys like that because the range is abysmal while towing.,negative
"The only reason I own a truck is for towing my camper around every summer. I’d love for it to be electric, but driving across multiple states for a week and a half is not doable with today’s EV charging infrastructure.",negative
"I’m surprised the CyberTruck won the sales battle tbh. I would buy 2 Lightnings before I got caught renting a CyberTruck, but I guess cult of Tesla and enough dudebro morons out there bought into it for whatever reasons.

I test drove the Lightning and liked it but it didn’t have the punch you into the back of the seat feel that Teslas have so maybe that’s a factor? Maybe people felt like it’s a more expensive truck for no real benefits other than being an EV and that’s mostly a financial decision if it doesn’t have the punchy acceleration or whatever. If it’s ROI then the additional price divided by the amount of money spent on gas and powertrain maintenance per year gives you the time it takes to pay back and if that’s over even a couple years most won’t bother.",negative
"An estimated 84000 lightnings have been sold to an estimated 49000 cybertrucks. Just because Elon is a stubborn idiot and hasn't discontinued it yet doesn't mean it won the sales battle. Also the lightning is still going to be made, just with an onboard gas generator and I bet that will sell really well. As long as the reliability is there at least.",positive
"This title is incredibly misleading. They did not discontinue the Lightning, they turned it into an EREV: meaning it now has a small engine as a generator for the electric powertrain. This is what the Ramcharger promised, and what Scout is promising as an option as well. This is what the Volt and the i3 (optionally) were. 

This is not a traditional hybrid like a Prius, it’s an electric car that can get power from a small engine if needed.  EREV stands for extended range electric vehicles.",neutral
"My boss bought one and paid full freight (and then some, I think) right before they cut production 🤦🏽‍♂️",negative
"The headlight looks absolutely atrocious I’m sorry. Close family friend has one and it has Nice interior and all but the headlight looks plasticy and cheap, especially compared to the GMC sierra EV which looks beautiful in comparison.",negative
"I think they would genuinely sell a ton of trucks if they were doing the diesel-electric thing. No idea why car companies refuse to take this seemingly very easy win, either they know some incredibly large thing we don’t or they’re completely clueless. Ford’s track record points me towards the latter.",negative
I’m confused what you mean by it does not look like an EV and looks normal. Except for the cyber truck most EV trucks look just like the gas ones.,neutral
"The only other EV pickups on the market currently (no pun intended) are the Silverado EV, which is mechanically unrelated to and looks nothing like the ICE model, and the Rivian R1T, which has no ICE counterpart.",neutral
The Hummer too,neutral
Why does the Silverado EV look like a 2013 Honda Ridgeline?,negative
Unlike it's Chevy/ GMC competitors the F150 lightning is more or less a normal F150 with EV power and few other differences from other F150 models. The Chevy and GMC EV pickups are entirely different vehicles that share little if anything with their  ICE counterparts.,neutral
